{
  "project_info": {
    "project_number": "1001564516023",
    "project_id": "remote-habits",
    "storage_bucket": "remote-habits.appspot.com"
  },
  "client": [
    {
      "client_info": {
        "mobilesdk_app_id": "1:1001564516023:android:7cfa09512576cfdb1a2732",
        "android_client_info": {
          "package_name": "com.example.cio_flutter_sample_app"
        }
      },
      "oauth_client": [
        {
          "client_id": "1001564516023-59nace30peq2pfenpruv72hkbma4ocfd.apps.googleusercontent.com",
          "client_type": 3
        }
      ],
      "api_key": [
        {
          "current_key": "AIzaSyASGdGzS1zfpzNdZTXtthSWEHs3b0mmOGA"
        }
      ],
      "services": {
        "appinvite_service": {
          "other_platform_oauth_client": [
            {
              "client_id": "1001564516023-59nace30peq2pfenpruv72hkbma4ocfd.apps.googleusercontent.com",
              "client_type": 3
            },
            {
              "client_id": "1001564516023-5n3nd9b1d58s4pb776qpld55vuvrk45u.apps.googleusercontent.com",
              "client_type": 2,
              "ios_info": {
                "bundle_id": "io.customer.ios-sample.cocoapods-fcm"
              }
            }
          ]
        }
      }
    },
    {
      "client_info": {
        "mobilesdk_app_id": "1:1001564516023:android:2c99305b3bd423fd1a2732",
        "android_client_info": {
          "package_name": "io.customer.ami"
        }
      },
      "oauth_client": [
        {
          "client_id": "1001564516023-59nace30peq2pfenpruv72hkbma4ocfd.apps.googleusercontent.com",
          "client_type": 3
        }
      ],
      "api_key": [
        {
          "current_key": "AIzaSyASGdGzS1zfpzNdZTXtthSWEHs3b0mmOGA"
        }
      ],
      "services": {
        "appinvite_service": {
          "other_platform_oauth_client": [
            {
              "client_id": "1001564516023-59nace30peq2pfenpruv72hkbma4ocfd.apps.googleusercontent.com",
              "client_type": 3
            },
            {
              "client_id": "1001564516023-5n3nd9b1d58s4pb776qpld55vuvrk45u.apps.googleusercontent.com",
              "client_type": 2,
              "ios_info": {
                "bundle_id": "io.customer.ios-sample.cocoapods-fcm"
              }
            }
          ]
        }
      }
    },
    {
      "client_info": {
        "mobilesdk_app_id": "1:1001564516023:android:ceccfaa92480cba51a2732",
        "android_client_info": {
          "package_name": "io.customer.amiapp_flutter"
        }
      },
      "oauth_client": [
        {
          "client_id": "1001564516023-59nace30peq2pfenpruv72hkbma4ocfd.apps.googleusercontent.com",
          "client_type": 3
        }
      ],
      "api_key": [
        {
          "current_key": "AIzaSyASGdGzS1zfpzNdZTXtthSWEHs3b0mmOGA"
        }
      ],
      "services": {
        "appinvite_service": {
          "other_platform_oauth_client": [
            {
              "client_id": "1001564516023-59nace30peq2pfenpruv72hkbma4ocfd.apps.googleusercontent.com",
              "client_type": 3
            },
            {
              "client_id": "1001564516023-5n3nd9b1d58s4pb776qpld55vuvrk45u.apps.googleusercontent.com",
              "client_type": 2,
              "ios_info": {
                "bundle_id": "io.customer.ios-sample.cocoapods-fcm"
              }
            }
          ]
        }
      }
    },
    {
      "client_info": {
        "mobilesdk_app_id": "1:1001564516023:android:0b41c62a5570b80f1a2732",
        "android_client_info": {
          "package_name": "io.customer.android.sample.java_layout"
        }
      },
      "oauth_client": [
        {
          "client_id": "1001564516023-59nace30peq2pfenpruv72hkbma4ocfd.apps.googleusercontent.com",
          "client_type": 3
        }
      ],
      "api_key": [
        {
          "current_key": "AIzaSyASGdGzS1zfpzNdZTXtthSWEHs3b0mmOGA"
        }
      ],
      "services": {
        "appinvite_service": {
          "other_platform_oauth_client": [
            {
              "client_id": "1001564516023-59nace30peq2pfenpruv72hkbma4ocfd.apps.googleusercontent.com",
              "client_type": 3
            },
            {
              "client_id": "1001564516023-5n3nd9b1d58s4pb776qpld55vuvrk45u.apps.googleusercontent.com",
              "client_type": 2,
              "ios_info": {
                "bundle_id": "io.customer.ios-sample.cocoapods-fcm"
              }
            }
          ]
        }
      }
    },
    {
      "client_info": {
        "mobilesdk_app_id": "1:1001564516023:android:a42b1a4b28024eee1a2732",
        "android_client_info": {
          "package_name": "io.customer.remotehabits"
        }
      },
      "oauth_client": [
        {
          "client_id": "1001564516023-59nace30peq2pfenpruv72hkbma4ocfd.apps.googleusercontent.com",
          "client_type": 3
        }
      ],
      "api_key": [
        {
          "current_key": "AIzaSyASGdGzS1zfpzNdZTXtthSWEHs3b0mmOGA"
        }
      ],
      "services": {
        "appinvite_service": {
          "other_platform_oauth_client": [
            {
              "client_id": "1001564516023-59nace30peq2pfenpruv72hkbma4ocfd.apps.googleusercontent.com",
              "client_type": 3
            },
            {
              "client_id": "1001564516023-5n3nd9b1d58s4pb776qpld55vuvrk45u.apps.googleusercontent.com",
              "client_type": 2,
              "ios_info": {
                "bundle_id": "io.customer.ios-sample.cocoapods-fcm"
              }
            }
          ]
        }
      }
    }
  ],
  "configuration_version": "1"
}