<component name="ProjectRunConfigurationManager">
    <configuration name="install local" default="false" factoryName="Gradle"
        type="GradleRunConfiguration">
        <ExternalSystemSettings>
            <option name="env">
                <map>
                    <entry key="IS_DEVELOPMENT" value="true" />
                </map>
            </option>
            <option name="executionName" />
            <option name="externalProjectPath" value="$PROJECT_DIR$" />
            <option name="externalSystemIdString" value="GRADLE" />
            <option name="scriptParameters" value="" />
            <option name="taskDescriptions">
                <list />
            </option>
            <option name="taskNames">
                <list>
                    <option value="publishToMavenLocal" />
                </list>
            </option>
            <option name="vmOptions" value="" />
        </ExternalSystemSettings>
        <ExternalSystemDebugServerProcess>true</ExternalSystemDebugServerProcess>
        <ExternalSystemReattachDebugProcess>true</ExternalSystemReattachDebugProcess>
        <DebugAllEnabled>false</DebugAllEnabled>
        <method v="2" />
    </configuration>
</component>